Posting time 	Number of images	Description under the image	Year	Make and Model 	Condition 	Cylinders 	Drive 	Fuel 	Odometer 	Paint color	Size	Title Status 	Transmission	VIN
"2018-01-30 11:25am
                "	5	"7.3 Diesel with a 6 speed manual transmission,engine has been rebuilt about 21,000 miles ago,new tires,brakes,bearings,clutch,ac compressor,water pump,oil cooler,etc,etc. Call for more info.  show contact info
. The trailer is a 2012 Big Tex 22gn 48"" spread axle trailer. It is a 25 + 5, so 30ft overall. Its been pulled maybe 2500 miles in its life.  I will seperate the pair,$13,000.00 for the truck and $9,000.00 for the trailer.    "	2000		 good	 8 cylinders	 rwd	 diesel	 258000	 white		 clean	 manual	
"2018-01-30  1:35pm
                "	7	For Sale: 2006 Chevrolet Trailblazer LS. All power, v-6 engine, cruise, good tires, 4x4, 198,000 hwy mi. If you are looking for a bargain, you just found one.    	2006		 good	 6 cylinders	 4wd	 gas	 197000	 white	 mid-size	 clean	 automatic	
"2018-01-28  7:51am
                "	14	"For Sale here is a nice 2014 Nissan Murano SUV . It is the SL version . This SUV has clean leather 2 row seats , dual panoramic sunroof , back up camera , heated  seats , power folding rear seats , power lift gate hatch . Cd base stereo system . Steering Audio  controls Etc . It has near new matching set of tires . This 14 Murano has a 3.5 liter V6 engine with automatic front wheel drive transmission . It runs and drives great . There are no problems . Compare to 2013 pathfinder 15 rx330 12 fx35 20 16 rogue maxima Altima  . For more info contact  show contact info
"	2014		 good	 6 cylinders	 fwd	 gas	 63000	 black	 mid-size	 clean	 automatic	
"2018-02-01  3:39pm
                "	8	"1971 Plymouth Duster, Athens Alabama $13,500 
older restoration, automatic, 360, patched floor pans, starting to show rust bubbles under the vinyl top and bottom of driver side quarter panel, Paint is a 7/10 new looking interior with bucket seats, good glass, minor issues like wipers, radio and dash lights are not working (could be only fuses) gas gauge works, turn signals work, head light and low/high beam work, good tire (90% tread). Still has drum brakes, original steering wheel, dual exhaust, no power steering, holley carb. Daily driver........Not a trailer queen but wouldn't take a lot to be show quality. Great car for restoration, it was a 318 car. No title, Alabama does not require a title of this year vehicle. Thanks for looking.    "	1971		 fair	 8 cylinders	 rwd	 gas		 yellow	 mid-size	 missing	 automatic	
"2018-01-25  3:13pm
                "	5	2013 Ford F150 Supercrew XLT 4x4. 3.5L Ecoboost engine, automatic transmission, tan cloth interior, power seat, power sliding back glass, short wheel base, spray in bed liner, Loaded with options. 148k Miles. Well maintained truck. Call 73I-645-I70I    	2013					 gas	 148000			 clean	 automatic	
"2018-01-20  5:30pm
                "	15	"2002 Ford  F250 service truck 7.3 diesel
New 30 gallon air compressor electric start
Has the 0five grill and headlights 08 mayor
Runs and drives great any questions call or text
show contact info
Also have a 20 1718 foot car hauler 2014 570 Sportsman 1800 Car hauler trailer 45 for four wheeler    "	2002			 8 cylinders		 diesel				 clean	 automatic	
"2018-02-03  6:55pm
                "	3	It has 139,000 miles. It has headers instead of the manifolds. $4000 obo    	1989		 excellent	 8 cylinders	 4wd	 gas	 139000			 clean	 manual	
"2018-02-03  6:45pm
                "	7	1997 Honda accord. 5 speed. Car has 234k miles. Engine has 150k. It was replaced under factory warranty by Honda at 80k miles. I bought the car last July to commute from eupora to Columbus. Drove it 96 mile round trip everyday for 6 months with no issues. Not a beauty queen but not terrible. Has a few dings and the clear is coming off here and there. Interior has seen better days but it's not the worst in the world. Heat and a.c. both work. Front tires are new.  Less than 500 miles on them. Back tires at 50% or so. 2000 or may trade. I took a job less than a mile from home and no longer need the car is my reason for selling. Car averaged 29-30 mpg. One-6six2-5five2-zero six seven four    	1997		 fair	 4 cylinders	 fwd	 gas	 234000			 clean	 manual	
"2018-02-03  6:31pm
                "	24	2012 Ford F-150 XLT SuperCrew 4WD -- $24,000 ‚òé Call: (256) 907-7256  üì± Text  (256) 907-7256 Vehicle Information: 2012 Ford F-150 XLT SuperCrew 4WDPrice:  $24,000    Year:  2012*      Make:  *Ford**      Model:  *F-150**      Series:  *XLT SuperCrew 4WD**      Body Style:  Truck*    Stock Number:  ST1696    VIN:  1FTFW1ET9CFB42334    Mileage:  80,173    Engine:  3.5L V6 TURBO    Transmission:  Automatic    Exterior Color:  Gold*    Interior Color:  Beige*We offer financing! Paste the link below to apply today!http://aswt.co/tg1f   For more details, pictures and information on this ***Ford**** ***F-150**** ***XLT SuperCrew 4WD****, Paste the link below into your browser:  http://aswt.co/t2w1   Vehicle Options For This *Ford** *F-150**:   ‚úÖ Truck*                ‚úÖ 4x4                ‚úÖ AM/FM                ‚úÖ Adjustable Pedals                ‚úÖ Air Conditioning                ‚úÖ Alarm System                ‚úÖ Alloy Wheels                ‚úÖ Anti-Lock Brakes                ‚úÖ Automatic Headlights                ‚úÖ Bedliner                ‚úÖ CD                ‚úÖ Child Safety Door Locks                ‚úÖ Cruise Control                ‚úÖ Driver Airbag                ‚úÖ Driver Multi-Adjustable Power Seat                ‚úÖ Electrochromic Interior Rearview Mirror                ‚úÖ Fog Lights                ‚úÖ Front Side Airbag                ‚úÖ Front Split Bench Seat                ‚úÖ Interval Wipers                ‚úÖ Key Pad Entry                ‚úÖ Keyless Entry                ‚úÖ Locking Pickup Truck Tailgate                ‚úÖ Passenger Airbag                ‚úÖ Pickup Truck Cargo Box Light                ‚úÖ Power Brakes                ‚úÖ Power Locks                ‚úÖ Power Mirrors                ‚úÖ Power Steering                ‚úÖ Power Windows                ‚úÖ SYNC                ‚úÖ Second Row Folding Seat                ‚úÖ Side Head Curtain Airbag                ‚úÖ Spray In Bedliner                ‚úÖ Steering Wheel Mounted Controls                ‚úÖ Tachometer                ‚úÖ Tilt Wheel                ‚úÖ Tinted Windows                ‚úÖ Tire Pressure Monitor                ‚úÖ Tow Package                    ‚òé Call (256) 907-7256   or üì± Text  (256) 907-7256  to find out more about this ***Ford**** ***F-150****.  -or-            Paste the link below into your browser to get more detailed information about this ____Ford*____F-150*____XLT SuperCrew 4WD*:  http://aswt.co/t2w1    Call  or Text  us today and mention that you heard about this vehicle on Craigslist!  Billy Ray Taylor Auto Sales ‚òé Phone Number: (256) 907-7256              üì±  Text Number: (256) 907-7256 Additional Vehicle Information:    With 30 lenders and rates as low as 1.90% up to 60 mths and 84 mths at 3.49% on qualifing customers and vehicles WAC.Here are some of our lenders:Credit Unions: Family Security CU Redstone FCUNASA FCU ListerHill CU APCO Employees CU ECO CU WinSouth CU AL State Employees CU Aabama CU Jefferson CU Army Aviation Center FCU Air Academy FCU Marine FCU Coosa Pines FCU Piedmont Advantage CU Tri Rivers FCU DCH CU First Flight FCU and CUDL.Banks: Wells FargoEVA Bank Traditions Bank ALLY and TCF Bank (Gateway One).Finance Co: Santander AmeriCredit Exeter American Credit Acpt Nicholas Custom Regional and Dealer Funding.  With a large inventory of over 400 vehicles and great pricing. Come see why we have become the largest independent dealer in North Alabama. We have financing for our out of state customers as well as 2nd chance financing. If you have had a previous bankruptcy charge-offs repo or foreclosure we may can help. We also have programs for 1st time buyers and college graduates. Please call us or apply online for quick credit approval. W.A.C.GOTO (www.billyraytaylorautosales.com) to see upto 60 pictures of each of our vehicles.      2012, 12, '12, Ford, F-150, F150, F-150, F 150, Truck, Pickup Truck, Billy Ray Taylor Auto Sales, *Billy* *Ray* *Taylor* *Auto* *Sales*Powered by AutoSweet | www.autosweet.com 	2012			 6 cylinders	 4wd	 gas	 80173			 clean	 automatic	 1FTFW1ET9CFB42334
"2018-01-22  1:37pm
                "	7	"03 Chevy z71, brushguard, toolbox, factory exhaust, cd, pw, pl, 4x4 in the floor, 186k,  trans has been rebuilt, bench seat with fold up console, spray in bed liner and bed caps, 18"" wheels and 33 tires, laptop tuned with knock sensor deleted, rear 02 sensors deleted and new plugs and wires, runs great  show contact info
 6500$    "	2003					 gas				 clean	 automatic	
"2018-01-22  1:16pm
                "	8	"03 Chevy z71, brushguard, toolbox, factory exhaust, cd, pw, pl, 4x4 in the floor, 186k, trans has been rebuilt, bench seat with fold up console, spray in bed liner and bed caps, 18"" wheels and 33 tires, laptop tuned with knock sensor deleted, rearo2 sensors deleted and new plugs and wires, runs great  show contact info
 6500$    "	2003					 gas	 185			 clean	 automatic	
"2018-01-26 10:16pm
                "	6	"new tires open country
dent & little damage on passenger and minor scratches
overall real good truck
15,000 retail
bank loan value 10,500
8,700.00
above average leather
camo seat covers
husky floor mat liners, front & back
tow-haul w/hitch    "	2006		 good	 8 cylinders	 4wd	 gas	 177000	 grey	 full-size	 clean	 automatic	
"2018-02-03  6:22pm
                "	12	"-Truck is in excellent condition. 
-Turn dial 4x4
-Memory setting heated and cooled Leather seats. 
-Bose Stereo System with USB
-Onstar package 
-20"" stock wheels
-Fixed running boards
-5.3 v8 engine (oil changed with synthetic every 5k Miles)
-K&N air filter 
-Flex Fuel 
-Averages 18 mpg 
-Adjustable pedals
* Any questions just inbox me 
* asking $22,000 OBO Read Less    "	2012		 excellent	 8 cylinders	 4wd	 gas	 150000	 white	 full-size	 clean	 automatic	 3gtp2we7xcg264778
"2018-02-03  6:21pm
                "	6	Trucks runs and drives good. Text me for details.    	2000		 fair	 8 cylinders	 rwd	 gas		 red	 full-size	 rebuilt	 automatic	
"2018-02-03  6:09pm
                "		"68 with newer grill new carb,wiring harnsss and fuesbox,tires like new 17"",new interior,cd,nice cam , weid intake,holley carb,new paint,new door rubber,is a factory ac truck will need comp,and condencer to finish air ,daily driver ,has 700r trans , motor plenty of peppy ,cam hits hard , (the bad rear main leaking power steering leaking    "	1968		 good	 8 cylinders	 rwd	 gas		 white	 full-size	 clean	 automatic	
"2018-02-03  5:50pm
                "	6	"2008 Pontiac G6 for sale !!
Nice clean car ! 
Title in hand !!!

Call me @ show contact info

"	2008					 gas				 clean	 automatic	
"2018-01-22  7:26am
                "	6	"1997 Toyota Tacoma 4x4 in really good shape. 256,XXX miles. Well cared for truck. Truck has strong 3.4L V6 engine with 5spd manual trans. This truck has custom made heavy duty front and rear bumpers with front winch mount. Like new 31x10.50x15 buckshot 2's, and several new parts that include starter, battery, thermostat, and hoses. 

Text or call for more information or pictures. Do not need help selling.    "	1997			 6 cylinders	 4wd	 gas	 256100	 green		 clean	 manual	
"2018-02-03  5:28pm
                "	7	runs ..rides...shifts good...5.3 v8...automatic.....208xxx miles....tilt..cruise..ac..heat..stereo..power windows..mirriors..locks.....third row seat...tow package.....has a few dings and scratches but still looks good....very dependable.....in corinth ms...calls only    	2003		 good	 8 cylinders	 rwd	 gas		 green	 full-size	 clean	 automatic	
"2018-02-03  5:26pm
                "	7	"2005 Chevrolet Z71 Tahoe  4wd  with 127,000 miles its in good condition everything's works Ac blows cold heat works good 4x4 

Contact  show contact info


"	2005		 like new	 8 cylinders	 4wd	 gas	 127000	 custom		 clean	 automatic	 1ygf42jfjggh2386
"2018-02-03  5:17pm
                "	14	"2006 Ford F150 Super Cab 4 door FX4 4 x 4 four wheel drive 5.4 Triton V8 170000 highway miles never off-road automatic power windows power locks tilt wheel cruise control power mirrors AM FM CD stereo power steering power brakes alloy wheels white letter tires cold air condition hot heat bedrug towing package clean Carfax no paint work nobody work two tone paint keyless entry running boards fog lights very well maintained very good truck very dependable very reliable truck must sell $8,550 or best offer call  show contact info
 please no texts no emails will be answered thank you    "	2006		 like new	 8 cylinders	 4wd	 gas				 clean	 automatic	
"2018-02-03  5:22pm
                "	4	"2015 Nissan Altima S
New Tires
103,000 Miles
show contact info

$8200    "	2015		 good	 4 cylinders	 fwd	 gas	 103000		 mid-size	 clean	 automatic	
"2018-01-09  2:14pm
                "	17	"2011 Honda Civic 4-Cil,1.8L,151,000 miles,Automatic,4 Doors power windows and door locks cruise control clean runs and drives great $5,800 call or text anytime  show contact info
"	2011		 good	 4 cylinders	 fwd	 gas	 151000	 silver	 full-size	 clean	 automatic	
"2018-02-03  5:07pm
                "		Clean interior.Leather interior with heated seats and heated steering wheel.Has sunroof with the sunroof visor.    	2002		 excellent			 gas				 clean	 automatic	
"2018-02-03  5:04pm
                "	8	204400 mile. Reliable commute Minivan. Clean title. Captain seats in 2nd row. Cash only. Serious inquiry only.    	2006		 good	 6 cylinders		 gas	 204400	 grey	 full-size	 clean	 automatic	
"2018-01-31 11:48pm
                "	15	96k miles, ac, heat, cruise, pw, pdl, pm, ps, cd t tops.  LS1 v8, new front brakes, motor mounts, and cleaned throttle body. Car runs and drives great. I drove it home 400 miles from Panama City in late November. Car is all original except for exhaust tips. Radio works but rear speakers are shot. Dash is cracked and door panels have cracks. Seats and the rest of the interior are in very good shape. Body is in very good shape. Price is obo, but cash only so no checks or pay pal!!  No scammers!!!  Any questions call (662)386-77twotwo    	1999		 good	 8 cylinders	 rwd	 gas	 96900	 white		 clean	 automatic	
"2018-01-28  1:26am
                "	8	"163k miles, ac, heat, cruise, cd, pw, pdl. Runs and drives good, has good interior. Has good tires, also has a couple of dents. Has a cracked windshield but doesn't leak. Inside has carpet. Paint is fair. Would make someone good transportation or daily driver. Call  show contact info
. Cash only in person. No scammers or spammers or emails!!  No payment plans!    "	2007		 good	 8 cylinders	 rwd	 gas	 163500	 black	 full-size	 clean	 automatic	
"2018-02-03  4:54pm
                "	7	"1999 Jeep Grand Cherokee 4.7 v8 199k miles 4"" lift everything works as it should
NO TRADES 
SUV
show contact info
"	1999		 good	 8 cylinders	 4wd	 gas		 white		 clean	 automatic	
"2018-02-03  4:39pm
                "	4	Ford 150 ecoboost 53000 miles clean truck weather techs spray in bedliner sliding rear glass awesome truck    	2013			 6 cylinders	 4wd	 gas	 53000		 full-size	 clean	 automatic	
"2018-02-03  4:35pm
                "	12	"2008 Nissan Frontier SE four-door crew cab 4.0 liter V6 hi highway miles one owner service at Columbus Nissan power windows power locks cruise control tilt wheel automatic ice cold air power mirrors aluminum wheels white letter tires Bed Extender remote keyless entry clean Carfax AM FM CD Nobody work no paint work all original new windshield lots of new parts very reliable truck new battery very good Dependable truck well taken care of this truck will take you anywhere you want to go must sell  or best offer $6,750 no text  or no emails will be answered please call  show contact info
"	2008		 like new			 gas				 clean	 automatic	
"2018-02-03  3:16pm
                "	2	~auxiliary audio input - mp3 ~4.0L 4.0L automatic ~no reasonable offer will be refused! ~like new 4-door sedan condition ~front seatbelts - 3-point ~---------->>contact me by email from pics    	1999					 gas				 clean	 automatic	
"2018-02-03  4:08pm
                "	5	"The interior has also been sand blasted all around and repainted with no cut corners. Look at the pics to see the sides of the doors and underneath.  show contact info
"	1955		 good	 8 cylinders		 gas		 blue		 clean	 automatic	
"2018-02-03  4:12pm
                "	14	FSBO. 2012 Nissan Pathfinder 4x4 white, daily highway driver, has new Goodyear all terrain tires as of November. No issues. Everything works as it should. Fluids have been changed per manufacture guidelines. This vehicle has seating for 7. Don't want to sell, but I've changed jobs with a long commute and need something with better mileage. Don't need any help selling. Serious enquirers only. $12,000 obo.    	2012		 good	 6 cylinders	 4wd	 gas	 118766	 white		 lien	 automatic	
"2018-01-12 10:20am
                "	13	"03 Ranger 4cly, 5 speed, new tires, air works, cruise does not work, this truck runs and drives great.       $2900.    OBO  Call.   show contact info
"	2003					 gas				 clean	 manual	
"2018-02-03  4:08pm
                "	5	great running and driving car low millage 52020    	2013		 good	 4 cylinders	 fwd	 gas	 52500	 grey	 compact	 rebuilt	 automatic	 dfghghjbtg
"2018-02-03  4:06pm
                "	5	"2008 Infiniti G35, Well maintained and in good condition.  Wife's car that has always been serviced on schedule.  Fully loaded with options, back up camera, Bose stereo is awesome, nav, sunroof, tint, good tires.  This is a good car not a rattle trap junker.  Must see and drive to understand the condition.  Don't be scared of the high mileage, this car has never had a major issue at all, it's been very well cared for.

Asking $3500.00 OBO, title in hand.  Not interested in trades.

"	2008		 good	 6 cylinders	 rwd	 gas	 294000	 white		 clean	 automatic	
"2018-02-03  3:57pm
                "	9	Truck is in great shape and runs like it should.  Has the extremely reliable 3.4L v6 with automatic trans.  No issues and has brand new wheel bearings.  Interior is clean and never smoked in.  Completely stock except for the Pioneer touchscreen double din radio.  It has 270k miles mostly highway driving to and from work and long trips.  It has the SR5 package, TRD off road package, towing package, and keyless entry.  Adult driven and cared for, never abused.  Clean clear title in hand.  Yes it is 4wd and works flawlessly.  These 4x4 trucks are getting harder and harder to find so don't ask if I will take less until you come see it in person.  Will need tires eventually.    	2003		 excellent	 6 cylinders	 4wd	 gas	 270	 silver		 clean	 automatic	
"2018-02-03  3:51pm
                "		2002 Ford Mustang GT convertible. Great car, premium sound, automatic, leather seats, 49000 miles. $8500 or may consider trade for a good 4wd truck. I DO NOT SHIP. I DO NOT ACCEPT PAYPAL. I DO NOT NEED HELP SELLING    	2002		 excellent	 8 cylinders	 rwd	 gas		 grey		 clean	 automatic	
"2018-02-03  3:49pm
                "	7	"I have a nice well maintained 08 f150 lariat crew cab 4x4. It has 140,000 miles. Loaded with power steering,tilt,curise control,power seats(driver an passenger) 2 presets for driver seat,heated seats,adjustble pedels,back up cam,tan leather interior,front and rear heat an air. New tool box and new bed liner, 5.4 motor. Nice truck with plenty of room. Txt  show contact info
. Txt is best have bad phone service.    "	2008					 gas				 clean	 automatic	
"2018-02-03  3:41pm
                "	15	"2010 GMC Yukon SLT Denali Grill package 5.3 Vortec engine fully loaded leather interior heated seats power locks power windows traction control Power pedals parking assistant backup camera sensors in bumper dual air conditioning front and rear Bose sound system 6 disc CD power seats 165000 highway miles signal lights in mirror 3rd row seats power liftgate towing package Factory aluminum polished 20 in Wheels new tires all the way around running boards on Star luggage rack fog lights super clean runs and drives like new well-maintained very good Dependable SUV must sell $14,950 or best offer call Tony at  show contact info
 no texts no emails will be answered thank you    "	2010		 like new	 8 cylinders		 gas				 clean	 automatic	
"2018-02-03  3:38pm
                "		"2006    NISSAN  MAXIMA  SL  3.5/AUTOMATIC  TRANSMISSION  HAS  HARD  SHIFT/POWER  SUNROOF/LEATHER  INTERIOR/ALLOY  WHEELS/
. PRICED TO  SELL $  3250.00  CASH    CALL 662-255-6692    "	2006		 good	 6 cylinders	 fwd	 gas	 169957	 silver		 clean	 automatic	
"2018-02-03  3:26pm
                "	5	"2006 Acura  tl runs and drive good  automatic  leather seat  clean in and out   very dependable  ask $4350 o.b.o call  show contact info
"	2006		 good			 gas				 clean	 automatic	
"2018-02-03  3:19pm
                "	3	"1979 Trans Am 
Body only no motor or Trans
New Tires on 15x7 factory wheels
Clean TN Title
1600 OBO    "	1979					 gas				 clean	 automatic	
"2018-02-03  3:17pm
                "	4	"No excuses. Ride and drive all the way. Only 171,000 miles on it. Excellent condition. Leather, LT rims, good tires, no body damage. Am fm radio cd player. 3.9 liter engine v6 dual exhaust. Clear title. No trades no financing too cheap to beat.  show contact info
.    "	2007		 excellent	 6 cylinders	 fwd	 gas	 171000	 silver		 clean	 automatic	
"2018-01-29  5:35pm
                "	5	"2003 thunderbird, great condition. 90k actual miles, looks and runs great. Comes with both tops. Hard top comes off and convertible top is power. Black leather interior in excellent condition. Would drive anywhere. Asking 13k negotiable, would consider trades for other classics, call or text  show contact info
"	2003					 gas				 clean	 automatic	
"2018-01-16 10:55am
                "	5	"Please read first. 150,000 miles on it. RS edition. Leather, sunroof, 20 in rims, heads up display, boston acoustic stereo, fog lamps,  and original equipment. No modifications. Ride and drive all the way. Clear and clean title, no wrecks no salvage history. V6 engine automatic transmission. Serious buyers please, no tire kickers. Contact  show contact info
.    "	2011		 excellent	 6 cylinders		 gas	 150000	 black		 clean	 automatic	
"2018-01-15 10:16pm
                "	15	"Jeep Wrangler Unlimited for sale with the following features:
4'' lift
35'' nitto terra grappler II tires
18'' moto metal wheels
steel front bumper
12,000 lb. winch
LED fog lights
rock sliders
full tint
oh sh!t handles
full size spare
12'' light bar not shown included (needs wiring harness)

The vehicle has a few scratches to include a crack in the drivers side windshield which is shown in the pictures.  Other than these small aesthetic issues, it is in great condition.    "	2008		 good	 6 cylinders	 4wd	 gas	 119250	 blue	 mid-size	 clean	 automatic	
"2018-02-03  2:42pm
                "	2	One owner truck. Was running when IÔ∏è parked it. It's got brand new brakes and rotors and one new caliper. Needs a power steering hose and some attention and it will run.    	2001			 8 cylinders		 gas	 170000			 missing	 automatic	
"2018-01-20  4:08pm
                "	15	"2007 Chrysler PT Cruiser Touring Edition; Great Condition! Low Miles!
132,845 Miles; Lightly Driven; Garage Kept!
Runs and Drives Great!

2.4L 4 Cylinder Gas Saver Engine with Power! - Serviced Regularly; Automatic Transmission!
Near New Tires; Recent Maintenance/Tune Up;
Cloth Interior; Power Windows/Power Locks/Power Mirrors!
Premium Sound CD Changer AM/FM; Cruise Control; Climate Control; Heat and COLD Air
No Check Engine Light or Other Warning Indicators
Spacious Cargo Area with Deluxe Organizer and Rear Folding Seats!
Just Detailed
Priced to Sell
Clean Title

Call  show contact info
"	2007					 gas				 clean	 automatic	
"2018-02-03  2:38pm
                "		"For Sale: Fender Amp and Spectrum Stratocastor. Excellant condition..used very little. Can be played like acoustic or hit the botton and it will really rock. Guitar is missing bottom string but other than that its like new..amp also in excellant cond. Call or Text.. show contact info
...125.00 obo.    "	2012		 excellent			 other	 00000000		 full-size	 clean	 other	 00000000000
"2018-01-30  8:47am
                "	18	"Email will not be answered, owner doesn't have a computer
Call between 9am and 9pm ask for Dewey
show contact info

"	2005		 good	 8 cylinders	 4wd	 gas	 200000	 white	 full-size	 clean	 automatic	
"2018-02-03  2:25pm
                "	9	"Up for sale is a Clean Pearl White 
Crew Cab loaded Chevrolet Silverado LTZ
144k miles  
4x4 
Sunroof 
Leather 
Heated and cooled seats 
Navigation 
Backup camera 
Sliding back glass 
Running boards
Tinted windows 
And much more. 
Contact 662-seven1zero-four565 for more info 
$25,500. 
Not really looking to trade.    "	2014					 gas	 144000			 clean	 automatic	
"2018-02-03  2:24pm
                "		2009 Accord in excellent condition, loaded with leather, sunroof, etc, 145000 miles. $8400.    	2009					 gas				 clean	 automatic	
"2018-02-03  2:23pm
                "	21	"07 chevy tahoe 2wd beautiful 3rd row truck with 168k miles 9500 or best offer financing available 662313504two or office 844919one 


Dixie auto sales 

1495 beech springs saltillo ms across from zaxbys 



Several vehicles for sale    "	2007					 gas	 168000			 clean	 automatic	
"2018-02-03  2:03pm
                "	8	NO YOU CAN NOT DRIVE IT HOME HAS BAD MOTOR AN TRANSMISSION /// BAD MOTOR AN TRANS DOES NOT RUN /// HAS 350 V8 1995 CHEVY TAHOE I HAVE KEYS AN CLEAR TITLE $700 OR BEST CASH OFFER /// TRUCK IS IN PEARL MS ON HWY 80 /// CALL OR TEXT TOMMY    	1995		 good	 8 cylinders	 rwd	 gas	 000000			 clean	 automatic	
"2018-01-26 11:42am
                "	7	"2000 Ford Excursion.  Leather.  2WD. Front and rear heat/AC, DVD player, V10 gas motor.  Heat and AC work great.  2007 F250 front grill, eagle eye headlights, ultra flow muffler, Kenwood stereo w/iPod/Bluetooth etc, tinted front windows, K&N cold air intake, new 10 ply tires, just had full service about 1000 miles ago w/new belt plugs and fuel filter.  No issues no check engine lights etc.  Everything works, I am the 3rd owner.  Clean title in hand. 

Price is $4700 or best offer.
Call or text 6sixtoo- 57four---- fifty five 01    "	2000					 gas	 197000			 clean	 automatic	
"2018-01-24 11:40pm
                "	5	"I have a 2009 Nissan Altima 
177xxx miles 
Black cloth interior
Abs light is on since purchased
Decent tires 
Everything works
üî¥ Clean clear title in handüî¥


Flaws:
Small barely noticeable dents on passenger doors from previous owner. 

I think there's a small leak in muffler 

7,000$ obo 

Trade or sale

Interest: lifted anything, other cars, small suvs 

show contact info
"	2009		 good			 gas	 177000	 silver		 clean	 automatic	
"2018-02-03  1:58pm
                "	6	"2003 GMC Sierra
V-6, 2 wheel drive
144,370 mi, clean truck
$2,500 as is    "	2003			 6 cylinders	 rwd	 gas		 red		 clean	 automatic	
"2018-02-03  1:58pm
                "	20	"03 Toyota sequoia 3rd row sunroof leather 170k miles runs and drives great financing available 


Dixie auto sales 

1495 beech springs saltillo ms across from zaxbys 


Other vehicles available just call and let me know your budget and we will take care of you

Tags:ford escape, chevy tahoe z71, 99 Silverado, gmc, avalanche, Altima, Buick Chrysler 300, g6, tacoma, dodge, f150, 4x4, 2x4, cheap, gas saver, impala, 22inch rims, forgis, 4gs, storage buildings no credit check,    "	2003		 excellent			 gas	 170000			 clean	 automatic	
"2018-02-03  1:46pm
                "	10	NO YOU CAN NOT DRIVE IT HOME /// 2003 FORD MUSTANG GT RUNS GREAT 4.6 V8 5 SPEED TRANS HAS 97000 MILES ON IT ///COLD AIR // WRECKED IN FRONT NO YOU CAN NOT DRIVE IT /// BOTH TIRES AN WHEELS ON DRIVE SIDE OR BUSTED //// CAR DOES CRANK UP AN MOVES FORWARD AN BACKWARDS /// AIR BAGS ARE GOOD //// $1900 OR BEST CASH OFFER I HAVE A SALVAGE TITLE TO THE CAR ///// FOR SALE /// TRADE /// OR PARTS //// CALL TOMMY NOWWWWW LETS DEAL THANKS FOR LOOKING    	2003		 good	 8 cylinders	 rwd	 gas	 970000			 salvage	 manual	
"2018-01-07  1:38pm
                "	19	"2006 Cadillac CTS - FULLY LOADED! CLEAN!!!
136,380 miles! Runs and Drives Great!
Serviced Regularly, Freshly Detailed!

GM V6 Gas-Saver Engine with POWER! Silky Smooth Automatic Transmission!
All New Upholstered Interior! New Leather Power Heated Seats! New Carpet!
Cruise Control! Premium Radio/Sound System with 6 Disc CD Changer! Navigation! On Star!
Automatic Express Power Windows; Power Locks; Power Mirrors!
GM Alloy Wheels with Nice Set of Douglass Tires!
Dual Zone Automatic Climate Control; COLD A/C and Hot Heat!
Safety Equipt; Dual Stage Driver & Passsenger Airbags!
Side Impact Airbags; Seatbelt Pretensioners; Anti-lock Brakes & Traction Control!
Power Trunk Lid, Spacious Cargo Area.
No Check Engine Light or Other Warning Lights.
Priced to Sell.
Clean Title.

Call  show contact info
.    "	2006					 gas				 clean	 automatic	
"2018-01-18 10:51pm
                "		It's a 4 cylinder with a five speed . It has 130,000 miles new top , new tires . Runs send drives great . Factory ac    	1997					 gas				 clean	 manual	
"2018-01-23  2:25pm
                "	4	"V6 auto with rebuilt trans. New mud tires, Pw , truck runs and drives great .call only  show contact info
 or 628-8268    "	1987					 gas				 clean	 automatic	
"2018-02-03  1:42pm
                "	4	1991  CHEVROLET  1500  SILVERADO  REG  CAB  LWB/PWR WINDOWS/TILT WHEEL/3500  V/8  ENGINE/AUTOMATIC  TRANS. ..RUNS AND DRIVES  GREAT.PRICED TO  SELL  $ 2250.00  CASH  OR  POSSIBLE  FINANCING CALL 662-255-6692    	1991		 good	 8 cylinders	 rwd	 gas		 red		 clean	 automatic	
"2018-01-31  4:18pm
                "	9	AT&T JUST RETIRED A 2001 3/4 TON V6  CHEVY AT&T VAN  RUNS AN DRIVES GREAT  HAS NEW 4 TIRES FRESH OIL CHANGE JUST GET IN AN GO /// VAN HAS 273000 MILES NO PROBLEMS  JUST GET IN AN GO /// COLD AIR GOOD HEAT  PLENTY OF ROOM /// VAN IS IN PEARL MS ON HWY 80 /// $2000 OR BEST CASH OFFER // HAVE CLEAR TITLE IN HAND // CALL TOMMY NOWWWWWWWW    	2001		 excellent	 6 cylinders	 rwd	 gas	 273000			 clean	 automatic	
"2018-01-31  7:26pm
                "	10	For sale 2007 pontiac G6 90,546 miles ,4-CyL 2.4L ,automatic, pw , pl, cd player , $5000 greenwood ms. Six62 299 5012 call or text    	2007					 gas				 clean	 automatic	 1G2ZF58B674251525
"2018-02-03  1:10pm
                "	12	"For sale a 2013 Ford Fiesta S, 1.6 4 cylinder, autoamtic, cold ac and hot heat, good tires, good miles, am/fm/cd, runs and drives like new, no check engine lights no issues.Great gas saver. Clean Carfax car. Call  show contact info
.    "	2013		 excellent		 fwd	 gas	 65176	 white	 compact	 clean	 automatic	 3FADP4AJ4DM174674
"2018-02-03  1:11pm
                "	3	"1999 FORD F-250 SUPER CAB, RUNS, SHIFTS & PULLS WELL, GAS BURNER, 288K MILES,  $3550.00
CALL: SIX6TWO4ONE9SEVEN5THREEO. LEAVE VOICEMAIL.  NO TEXTS OR EMAILS!!    "	1999		 good	 8 cylinders	 rwd	 gas		 white	 full-size	 clean	 automatic	
"2018-02-03  1:09pm
                "	10	"2009 Honda Accord EXL
Leather, sunroof, tinted windows
140,xxx miles
Call or text  show contact info
"	2009		 good	 4 cylinders	 fwd	 gas	 141000		 full-size	 clean	 automatic	
"2018-01-30  9:04am
                "	12	"2004 GMC Yukon for sale. It has 203,542 miles on it. This is a great SUV and it will be a great vehicle for anyone. I bought it in July 2015 and I have never had any problems out of it. Open to trades! You can contact me at 256-744-zero five two zero

Pros: Sunroof, Power windows and locks, cruise control, BOSE sound system, towing package, Auxiliary Input through stock radio, new rims and tires, cloth interior, heat and A/C.

Cons: Paint chips on roof. No third row seating.    "	2004		 good	 8 cylinders		 gas	 203542	 white	 full-size	 clean	 automatic	
"2018-02-03 12:46pm
                "	3	m selling my 97 Buick LeSabre custom for $600. I was driving to work and it cut off while driving, was told to me that the oil pressure was low. Started up the next day and ran then oil pressure dropped again and it started knocking. Before that it ran dam good , All I can think is the oil pump went out, don't have time to mess with it so it gotta go.    	1997		 fair	 6 cylinders	 fwd	 gas			 mid-size	 missing	 automatic	
"2018-02-03 12:40pm
                "	11	02 impala runs great, engine replaced out of a 04 monte carlo.  Everything works air, heat new headlights, radiator, and interier lights. (RIMS ALREADY SOLD). Needs a paint job been sitting up, only problem is the crankshaft sensor. The person that was suspose to put in the new one broke the old one, and it's in the block. Need to drop oil pan and try to get it out.    	2002		 good	 6 cylinders		 gas		 blue	 mid-size	 clean	 automatic	
"2018-02-03 12:39pm
                "	11	02 impala runs great, engine replaced out of a 04 monte carlo.  Everything works air, heat new headlights, radiator, and interier lights. (RIMS ALREADY SOLD). Needs a paint job been sitting up, only problem is the crankshaft sensor. The person that was suspose to put in the new one broke the old one, and it's in the block. Need to drop oil pan and get it out.    	2002		 good	 6 cylinders		 gas		 blue	 mid-size	 clean	 automatic	
"2018-02-03 12:15pm
                "		",,call if you want it,,, show contact info
 or trade for nice chevy truck 2000 model and up,,runs and drives like brand new,,needs interior work    "	1982		 good	 8 cylinders	 rwd	 gas				 clean	 automatic	
"2018-02-03 12:14pm
                "		",,call if you want it,,, show contact info
 or trade for nice chevy truck 2000 model and up,,runs and drives like brand new,,needs interior work    "	1982		 good	 8 cylinders	 rwd	 gas				 clean	 automatic	
"2018-01-25  7:40am
                "	12	"Very nice ride. Cold air. Hot heat. 3rd row seat front and rear air. Runs and drives great. Motor Transmission and radiator have been replaced. Motor has 176,431 miles on it and is the 4.6. 213,000 on the dash. 
It has 20's on it with some pricey rims. And no to anyone who wants to know if I'll swap them for something so please don't ask. Wouldn't be scared to go anywhere in it.


"	1999		 good	 8 cylinders	 rwd	 gas	 213000	 silver	 full-size	 clean	 automatic	
"2018-01-15  8:33am
                "		"Selling my 2001 Ford Ranger 4X4 with 85K miles, newer Dick Cepek wheels and all terrain tires, factory bed liner, cold a/c and hot heat....NO check engine lights....asking $1900 or BEST reasonable offer.....may consider interesting trades, worst I can say is no....also I will remove this ad when my truck is sold.....call :  show contact info

"	2001		 excellent			 gas				 clean	 automatic	
"2018-02-03 11:51am
                "	12	"2017 Chevrolet Malibu LS
For Vehicle Availability Contact Us Now!!
Butch Davis Chevrolet  ""DRIVE A LITTLE-SAVE A LOT!""
Call Us AT: (662) 200-5006 
Stock Number: P1171 
 
Year:*2017*
Make: *Chevrolet*
Model: *Malibu*
Trim: *LS*
VIN: 1G1ZB5ST9HF204674
Stock: P1171
Mileage: 22513 miles
Engine: 1.5L DOHC
Transmission: 6-Speed Automatic
Driveline: 
Exterior: Nightfall Gray Metallic
Body: 4D Sedan Sedan


We are conveniently located at:
2015 City Ave NRipley, MS 38663
Call Us (662) 200-5006
Stock Number: P1171 
 2017 Chevrolet Malibu LS with Back Up Camera for sale - Only 22K miles 1 Owner Clean Carfax Bumper to bumper warranty Automatic transmission Back Up Camera XM radio Apple CarPlay OnStar Bluetooth connectivity Power windows Power locks Cruise Remote starter 16 inch alloy wheels and much more. This vehicle offers a sharp looking color combination of Nightfall Gray Metallic paint with Jet Black interior. Equipped with a powerful yet fuel friendly engine that gets an impressive 36 MPG on the highway which means you will save a lot of money at the pump.This Chevrolet has been checked out by our service department and has passed inspection. No need to worry this Malibu has remaining factory bumper to bumper warranty until 36000 miles! Also for a few extra dollars per month you can extend the bumper to bumper protection all the way up to 120000 miles!Butch Davis Chevrolet will help you save money while having the easiest car buying experience of your life! Many of the vehicles we stock are priced at thousand of dollars below what most other dealers charge. Our low no haggle internet prices are clearly marked on each and every vehicle. No pressure tactics here because our sales staff works on salary. At Butch Davis Chevrolet you will never waste time or get stressed out negotiating price or dealing with pushy commissioned sales people!FINANCING FOR FAIR GOOD AND EXCELLENT CREDIT - We have lenders that offer low interest rates. Most of our vehicles can be financed with 0 down for up to 75 months. The combination of low rates and flexible terms allows our customers with a good credit rating to get a low monthly payment often much less than they expect.FINANCING FOR POOR CREDIT - We have lenders that can help you. Bring your most recent paystub and your ID. A down payment of 2000 dollars or more is recommended.Trade ins are welcome.Open 9-7 during the week and 9-6 on Friday and Saturday. Closed Sundays. THANK YOU!
 Similar Years: 2015 15 2016 16 2017 17 2018 18 2019 19 
Similar Trims: 
Other: 1.5 Liters Liter 1.5Liter 1.5L CARFAX One Owner 1 Fuel Efficient Gas Saver LS LT SS LTZ LZ 2 3 2.0L 2.5L 3.5L L V6 Luxury Sedan Bluetooth Back-Up Backup Camera Aluminum Alloy Wheels _2017_ _Chevy_ _Chevrolet_ _Malibu_ _LS_ _1.5L_ _CARFAX_ _One_ _Owner_ _Fuel_ _Efficient_ _Bluetooth_ _Backup_ _Camera_ _Aluminum_ _Wheels_ _17_ *2017* *Chevy* *Chevrolet* *Malibu* *LS* *1.5L* *CARFAX* *One* *Owner* *Fuel* *Efficient* *Bluetooth* *Backup* *Camera* *Aluminum* *Wheels* *17*
"	2017					 gas	 22513			 clean	 automatic	 1G1ZB5ST9HF204674
"2018-02-03 11:40am
                "	8	"Up for sale is a 
1999 LEXUS GS400
4.0 L V8 
130,000 miles 
gray leather 
sunroof
heated seats

Brand New tires, less than two months old

Will finance for $2500 down, must live or work in panola county or surrounding counties

Car is in mint condition for its Age..
Runs and drives like a new car, Clean Carfax, been well taken care of.
feel free to ask any other questions.. Looking to sell $7500 obo..
located in Batesville,MS
six six 2-7one0-four56five    "	1999					 gas	 130000			 clean	 automatic	
"2018-02-03 11:24am
                "	4	"ONE OWNER 2004 Honda accord,automatic transmission,2.4 engine ,runs and drive great,cold a/c and hot heat work,power windows and lock,clean interior good tire,clean title,171xxxmiles 3500....  show contact info
"	2004		 excellent	 4 cylinders	 fwd	 gas	 171000	 green	 mid-size	 clean	 automatic	
"2018-02-03 11:43am
                "	14	"2017 Dodge Challenger R/T
For Vehicle Availability Contact Us Now!!
Butch Davis Chevrolet  ""DRIVE A LITTLE-SAVE A LOT!""
Call Us AT: (662) 200-5006 
Stock Number: P1158 
 
Year:*2017*
Make: *Dodge*
Model: *Challenger*
Trim: *R/T*
VIN: 2C3CDZBT1HH594249
Stock: P1158
Mileage: 19243 miles
Engine: HEMI 5.7L V8 VVT
Transmission: 8-Speed Automatic
Driveline: 
Exterior: White Knuckle Clearcoat
Body: 2D Coupe Coupe


We are conveniently located at:
2015 City Ave NRipley, MS 38663
Call Us (662) 200-5006
Stock Number: P1158 
 2017 Dodge Challenger R/T for sale - Only 19K miles 1 Owner Clean Carfax Hemi 5. 7L V8 engine Automatic transmission Power drivers seat XM radio Bluetooth connectivity Power windows Power locks Cruise 20 inch alloy wheels and much more. This vehicle offers a sharp looking color combination of White Knuckle Clearcoat paint with Black interior. Equipped with a powerful Hemi 5. 7L V8 engine that will make you smile with one quick mash of the gas pedal!This Dodge has been checked out by our service department and has passed inspection. No need to worry this Challenger has remaining factory bumper to bumper warranty until 36000 miles! Also for a few extra dollars per month you can extend the bumper to bumper protection all the way up to 120000 miles!Butch Davis Chevrolet will help you save money while having the easiest car buying experience of your life! Many of the vehicles we stock are priced at thousand of dollars below what most other dealers charge. Our low no haggle internet prices are clearly marked on each and every vehicle. No pressure tactics here because our sales staff works on salary. At Butch Davis Chevrolet you will never waste time or get stressed out negotiating price or dealing with pushy commissioned sales people!FINANCING FOR FAIR GOOD AND EXCELLENT CREDIT - We have lenders that offer low interest rates. Most of our vehicles can be financed with 0 down for up to 75 months. The combination of low rates and flexible terms allows our customers with a good credit rating to get a low monthly payment often much less than they expect.FINANCING FOR POOR CREDIT - We have lenders that can help you. Bring your most recent paystub and your ID. A down payment of 2000 dollars or more is recommended.Trade ins are welcome.Open 9-7 during the week and 9-6 on Friday and Saturday. Closed Sundays. THANK YOU!
 Similar Years: 2015 15 2016 16 2017 17 2018 18 2019 19 
Similar Trims: 
Other: HEMI V8 5.7L Liters CARFAX One Owner 1 Coupe 2 Two Door SXT SRT8 SE SRT 8 R/T RT SRT-8 Plus + Classic Rallye Redline Sport 3.6L 6.4L V6 Bluetooth Aluminum Alloy Wheels _2017_ _Dodge_ _Challenger_ _R/T_ _HEMI_ _V8_ _5.7L_ _CARFAX_ _One_ _Owner_ _Coupe_ _Bluetooth_ _Aluminum_ _Wheels_ _17_ *2017* *Dodge* *Challenger* *R/T* *HEMI* *V8* *5.7L* *CARFAX* *One* *Owner* *Coupe* *Bluetooth* *Aluminum* *Wheels* *17*
"	2017					 gas	 19243			 clean	 automatic	 2C3CDZBT1HH594249
"2018-01-24 11:16am
                "		"show contact info
 TEXT ONLY !!!!!!
This car just trip 200,000
CAR RUNS GOOD
SHIFTS GOOD
DONT SMOKE 
SUNROOF
AUTO
"	2001		 fair	 6 cylinders	 fwd	 gas				 clean	 automatic	
"2018-01-24 11:16am
                "		"show contact info
 TEXT ONLY !!!!!!

NICE CAR 
COLD AIR 
AUTO 

"	2009		 good	 6 cylinders	 fwd	 gas				 clean	 automatic	
"2018-01-24 11:15am
                "		"show contact info
 text only please!
2000 
BUICK REGAL ""GS""
SUPERCHARGED 
132000 MILES

THANKS 
RANDY    "	2000					 gas	 132000			 clean	 automatic	
"2018-02-03 11:36am
                "	12	"This truck is in excellent condition and has been garage kept. It has never been offroad. The motor and everything runs great. The only reason for selling is because I want something with better gas mileage. It also has aftermarket exhaust and sounds great. You can contact me at  show contact info
.    "	2008		 excellent		 4wd	 gas	 165456	 white	 full-size	 clean	 automatic	
"2018-01-31 11:46am
                "	2	"TEXT ONLY !!!  show contact info

84,XXX MILES

2006 JEEP WRANGLER
4X4
AUTO  4 cylinder
NEW TIRES
RUN PERFECT
6 speed manual


"	2006		 excellent	 4 cylinders	 4wd	 gas		 white		 clean	 manual	
"2018-02-03 11:35am
                "	17	"2017 Chevrolet Camaro 1LT
For Vehicle Availability Contact Us Now!!
Butch Davis Chevrolet  ""DRIVE A LITTLE-SAVE A LOT!""
Call Us AT: (662) 200-5006 
Stock Number: P1166 
 
Year:*2017*
Make: *Chevrolet*
Model: *Camaro*
Trim: *1LT*
VIN: 1G1FB1RS2H0199636
Stock: P1166
Mileage: 8036 miles
Engine: 3.6L V6 DI
Transmission: 8-Speed Automatic
Driveline: 
Exterior: Black
Body: 2D Coupe Coupe


We are conveniently located at:
2015 City Ave NRipley, MS 38663
Call Us (662) 200-5006
Stock Number: P1166 
 2017 Chevrolet Camaro LT with RS package and Sunroof for sale - Only 8K miles 1 Owner Clean Carfax Bumper to bumper warranty LT equipment package RS equipment package Sunroof 3. 6L V6 engine Automatic transmission Back Up Camera Power seats XM radio Apple CarPlay OnStar Bluetooth connectivity Power windows Power locks Cruise Remote starter Rear spoiler 20 inch alloy wheels and much more. This vehicle offers a sharp looking color combination of Black paint with Jet Black interior. This Chevrolet has been checked out by our service department and has passed inspection. No need to worry this Camaro has remaining factory bumper to bumper warranty until 36000 miles! Also for a few extra dollars per month you can extend the bumper to bumper protection all the way up to 120000 miles!Named a Car and Driver 10 Best Cars Award winner!Butch Davis Chevrolet will help you save money while having the easiest car buying experience of your life! Many of the vehicles we stock are priced at thousand of dollars below what most other dealers charge. Our low no haggle internet prices are clearly marked on each and every vehicle. No pressure tactics here because our sales staff works on salary. At Butch Davis Chevrolet you will never waste time or get stressed out negotiating price or dealing with pushy commissioned sales people!FINANCING FOR FAIR GOOD AND EXCELLENT CREDIT - We have lenders that offer low interest rates. Most of our vehicles can be financed with 0 down for up to 75 months. The combination of low rates and flexible terms allows our customers with a good credit rating to get a low monthly payment often much less than they expect.FINANCING FOR POOR CREDIT - We have lenders that can help you. Bring your most recent paystub and your ID. A down payment of 2000 dollars or more is recommended.Trade ins are welcome.Open 9-7 during the week and 9-6 on Friday and Saturday. Closed Sundays. THANK YOU!
 Similar Years: 2015 15 2016 16 2017 17 2018 18 2019 19 
Similar Trims: 
Other: V6 3.6L Liters CARFAX One Owner 1 Coupe 2 Two Door LS LT SS ZL 6.2L 7.0L L V8 Sport Convertible Z28 Z/28 Sunroof Moonroof Bluetooth Back-Up Backup Camera Aluminum Alloy Wheels _2017_ _Chevy_ _Chevrolet_ _Camaro_ _V6_ _3.6L_ _CARFAX_ _One_ _Owner_ _Coupe_ _Sunroof_ _Bluetooth_ _Backup_ _Camera_ _Aluminum_ _Wheels_ _17_ *2017* *Chevy* *Chevrolet* *Camaro* *V6* *3.6L* *CARFAX* *One* *Owner* *Coupe* *Sunroof* *Bluetooth* *Backup* *Camera* *Aluminum* *Wheels* *17*
"	2017					 gas	 8036			 clean	 automatic	 1G1FB1RS2H0199636
"2018-02-03 11:33am
                "	24	2011 Ford Super Duty F-250 Lariat Crew Cab 4WD -- $34,000 ‚òé Call: (256) 907-7256  üì± Text  (256) 907-7256 Vehicle Information: 2011 Ford Super Duty F-250 Lariat Crew Cab 4WDPrice:  $34,000    Year:  2011*      Make:  *Ford**      Model:  *Super Duty F-250**      Series:  *Lariat Crew Cab 4WD**      Body Style:  Truck*    Stock Number:  HA17349    VIN:  1FT7W2BT6BEB86035    Mileage:  130k    Engine:  6.7L V8 OHV 16V DIESEL    Transmission:  Automatic    Exterior Color:  White*    Interior Color:  Beige*We offer financing! Paste the link below to apply today!http://aswt.co/tg1f   For more details, pictures and information on this ***Ford**** ***Super Duty F-250**** ***Lariat Crew Cab 4WD****, Paste the link below into your browser:  http://aswt.co/xk5n   Vehicle Options For This *Ford** *Super Duty F-250**:   ‚úÖ Truck*                ‚úÖ 4x4                ‚úÖ AM/FM                ‚úÖ Adjustable Pedals                ‚úÖ Air Conditioned Seats                ‚úÖ Air Conditioning                ‚úÖ Alarm System                ‚úÖ Alloy Wheels                ‚úÖ Anti-Lock Brakes                ‚úÖ Automatic Climate Control                ‚úÖ Automatic Headlights                ‚úÖ Back Up Sonar                ‚úÖ Backup Camera                ‚úÖ Bedliner                ‚úÖ CD                ‚úÖ Cab Lights                ‚úÖ Cruise Control                ‚úÖ Driver Airbag                ‚úÖ Driver Multi-Adjustable Power Seat                ‚úÖ Electrochromic Interior Rearview Mirror                ‚úÖ FX4                ‚úÖ Fog Lights                ‚úÖ Front Power Lumbar Support                ‚úÖ Front Power Memory Seat                ‚úÖ Heated Exterior Mirror                ‚úÖ Heated Seats                ‚úÖ Interval Wipers                ‚úÖ Key Pad Entry                ‚úÖ Keyless Entry                ‚úÖ Leather Seats                ‚úÖ Leather Steering Wheel                ‚úÖ Locking Differential                ‚úÖ Locking Pickup Truck Tailgate                ‚úÖ Passenger Airbag                ‚úÖ Passenger Multi-Adjustable Power Seat                ‚úÖ Pickup Truck Cargo Box Light                ‚úÖ Power Brakes                ‚úÖ Power Folding Side Mirrors                ‚úÖ Power Locks                ‚úÖ Power Mirrors                    ‚òé Call (256) 907-7256   or üì± Text  (256) 907-7256  to find out more about this ***Ford**** ***Super Duty F-250****.  -or-            Paste the link below into your browser to get more detailed information about this ____Ford*____Super Duty F-250*____Lariat Crew Cab 4WD*:  http://aswt.co/xk5n    Call  or Text  us today and mention that you heard about this vehicle on Craigslist!  Billy Ray Taylor Auto Sales ‚òé Phone Number: (256) 907-7256              üì±  Text Number: (256) 907-7256 Additional Vehicle Information:    With 30 lenders and rates as low as 1.90% up to 60 mths and 84 mths at 3.49% on qualifing customers and vehicles WAC.Here are some of our lenders:Credit Unions: Family Security CU Redstone FCUNASA FCU ListerHill CU APCO Employees CU ECO CU WinSouth CU AL State Employees CU Aabama CU Jefferson CU Army Aviation Center FCU Air Academy FCU Marine FCU Coosa Pines FCU Piedmont Advantage CU Tri Rivers FCU DCH CU First Flight FCU and CUDL.Banks: Wells FargoEVA Bank Traditions Bank ALLY and TCF Bank (Gateway One).Finance Co: Santander AmeriCredit Exeter American Credit Acpt Nicholas Custom Regional and Dealer Funding.  With a large inventory of over 400 vehicles and great pricing. Come see why we have become the largest independent dealer in North Alabama. We have financing for our out of state customers as well as 2nd chance financing. If you have had a previous bankruptcy charge-offs repo or foreclosure we may can help. We also have programs for 1st time buyers and college graduates. Please call us or apply online for quick credit approval. W.A.C.GOTO (www.billyraytaylorautosales.com) to see upto 60 pictures of each of our vehicles.      2011, 11, '11, Ford, Super Duty F-250, F250, F-250, F 250, Truck, Pickup Truck, Billy Ray Taylor Auto Sales, *Billy* *Ray* *Taylor* *Auto* *Sales*Powered by AutoSweet | www.autosweet.com 	2011			 8 cylinders	 4wd	 diesel	 130984	 white		 clean	 automatic	 1FT7W2BT6BEB86035
"2018-02-03 11:26am
                "	20	"2015 Chevrolet Tahoe LT
For Vehicle Availability Contact Us Now!!
Butch Davis Chevrolet  ""DRIVE A LITTLE-SAVE A LOT!""
Call Us AT: (662) 200-5006 
Stock Number: P1138 
 
Year:*2015*
Make: *Chevrolet*
Model: *Tahoe*
Trim: *LT*
VIN: 1GNSCBKC8FR134947
Stock: P1138
Mileage: 51362 miles
Engine: V8
Transmission: 6-Speed Automatic Electronic with Overdrive
Driveline: 
Exterior: Black
Body: 4D Sport Utility SUV


We are conveniently located at:
2015 City Ave NRipley, MS 38663
Call Us (662) 200-5006
Stock Number: P1138 
 2015 Chevrolet Tahoe LT with Navigation for sale - Only 51K miles Clean Carfax Powertrain warranty Navigation Back Up Camera Leather seats Rear DVD entertainment Power assisted rear gate Heated - Memory - Power seats Heated steering wheel Lane Departure warning Collision Alert XM radio OnStar Bose speakers Bluetooth connectivity Luggage rack Running boards Tow package 20 inch chrome wheels and much more. This luxury SUV offers a sharp looking color combination of Black paint with Cocoa Dune leather interior. This vehicle has comfortable seating for up to 8 passengers.This Chevrolet has been checked out by our service department and has passed inspection. No need to worry this Tahoe has remaining factory powertrain warranty until 100000 miles! Also for a few extra dollars per month you can extend the bumper to bumper protection all the way up to 120000 miles!Butch Davis Chevrolet will help you save money while having the easiest car buying experience of your life! Many of the vehicles we stock are priced at thousand of dollars below what most other dealers charge. Our low no haggle internet prices are clearly marked on each and every vehicle. No pressure tactics here because our sales staff works on salary. At Butch Davis Chevrolet you will never waste time or get stressed out negotiating price or dealing with pushy commissioned sales people!FINANCING FOR FAIR GOOD AND EXCELLENT CREDIT - We have lenders that offer low interest rates. Most of our vehicles can be financed with 0 down for up to 75 months. The combination of low rates and flexible terms allows our customers with a good credit rating to get a low monthly payment often much less than they expect.FINANCING FOR POOR CREDIT - We have lenders that can help you. Bring your most recent paystub and your ID. A down payment of 2000 dollars or more is recommended.Trade ins are welcome.Open 9-7 during the week and 9-6 on Friday and Saturday. Closed Sundays. THANK YOU!
 Similar Years: 2013 13 2014 14 2015 15 2016 16 2017 17 
Similar Trims: LS 4dr SUV 5.3L 8cyl 6A 4WD LT LTZ 6A
Other: V8 Liters CARFAX Heated Leather Seats Sport Utility 4.8L 5.7L 6.0L L 4x4 AWD Vehicle Hybrid Navigation System Bluetooth Back-Up Backup Camera Tow Package _2015_ _Chevy_ _Chevrolet_ _Tahoe_ _LT_ _V8_ _5.3L_ _CARFAX_ _Leather_ _Seats_ _SUV_ _Navigation_ _Bluetooth_ _Backup_ _Camera_ _Tow_ _Package_ _Sport_ _Utility_ _15_ *2015* *Chevy* *Chevrolet* *Tahoe* *LT* *V8* *5.3L* *CARFAX* *Leather* *Seats* *SUV* *Navigation* *Bluetooth* *Backup* *Camera* *Tow* *Package* *Sport* *Utility* *15*
"	2015					 gas	 51362			 clean	 automatic	 1GNSCBKC8FR134947
"2018-02-03 11:18am
                "	13	"2014 Toyota Tundra SR5
For Vehicle Availability Contact Us Now!!
Butch Davis Chevrolet  ""DRIVE A LITTLE-SAVE A LOT!""
Call Us AT: (662) 200-5006 
Stock Number: P1165 
 
Year:*2014*
Make: *Toyota*
Model: *Tundra*
Trim: *SR5*
VIN: 5TFRM5F1XEX067891
Stock: P1165
Mileage: 43623 miles
Engine: 4.6L V8 DOHC 32V VVT-i
Transmission: 6-Speed Automatic Electronic with Overdrive
Driveline: 
Exterior: Magnetic Gray Metallic
Body: 4D Double Cab Truck


We are conveniently located at:
2015 City Ave NRipley, MS 38663
Call Us (662) 200-5006
Stock Number: P1165 
 2014 Toyota Tundra SR5 Double Cab V8 with Back Up Camera for sale - Only 43K miles Clean Carfax Service records Powertrain warranty V8 engine Automatic transmission Back Up Camera Power windows Power locks Cruise Soft bed cover Bed liner Running boards Tow package 18 inch alloy wheels and much more. This truck offers a sharp looking color combination of Magnetic Gray Metallic paint with Graphite Gray interior.This Toyota has been checked out by our service department and has passed inspection. No need to worry this Tundra has remaining factory powertrain warranty until 60000 miles! Also for a few extra dollars per month you can extend the bumper to bumper protection all the way up to 120000 miles!Awards:* ALG Residual Value Awards * 2014 KBB.com Best Resale Value AwardsButch Davis Chevrolet will help you save money while having the easiest car buying experience of your life! Many of the vehicles we stock are priced at thousand of dollars below what most other dealers charge. Our low no haggle internet prices are clearly marked on each and every vehicle. No pressure tactics here because our sales staff works on salary. At Butch Davis Chevrolet you will never waste time or get stressed out negotiating price or dealing with pushy commissioned sales people!FINANCING FOR FAIR GOOD AND EXCELLENT CREDIT - We have lenders that offer low interest rates. Most of our vehicles can be financed with 0 down for up to 75 months. The combination of low rates and flexible terms allows our customers with a good credit rating to get a low monthly payment often much less than they expect.FINANCING FOR POOR CREDIT - We have lenders that can help you. Bring your most recent paystub and your ID. A down payment of 2000 dollars or more is recommended.Trade ins are welcome.Open 9-7 during the week and 9-6 on Friday and Saturday. Closed Sundays. THANK YOU!
 Similar Years: 2012 12 2013 13 2014 14 2015 15 2016 16 
Similar Trims: 1794 4dr CrewMax 4WD SB 5.7L 8cyl 6A FFV Limited Double Cab Platinum SR 2dr Regular LB 4.0L 6cyl 5A 4.6L SR5 6A
Other: V8 Liters CARFAX Crew Pickup Truck LTD Extended Access Short Long Bed Box 4.7L L AWD 4x4 Off Road Back-Up Backup Camera Aluminum Alloy Wheels Tow Package _2014_ _Toyota_ _Tundra_ _SR5_ _V8_ _4.6L_ _CARFAX_ _Crew_ _Cab_ _Truck_ _Backup_ _Camera_ _Aluminum_ _Wheels_ _Tow_ _Package_ _14_ *2014* *Toyota* *Tundra* *SR5* *V8* *4.6L* *CARFAX* *Crew* *Cab* *Truck* *Backup* *Camera* *Aluminum* *Wheels* *Tow* *Package* *14*
"	2014					 gas	 43623			 clean	 automatic	 5TFRM5F1XEX067891
"2018-02-03 11:09am
                "	15	"2015 Jeep Cherokee Limited
For Vehicle Availability Contact Us Now!!
Butch Davis Chevrolet  ""DRIVE A LITTLE-SAVE A LOT!""
Call Us AT: (662) 200-5006 
Stock Number: P1137 
 
Year:*2015*
Make: *Jeep*
Model: *Cherokee*
Trim: *Limited*
VIN: 1C4PJLDB7FW661085
Stock: P1137
Mileage: 22618 miles
Engine: 2.4L 4-Cylinder SMPI SOHC
Transmission: 9-Speed 948TE Automatic
Driveline: 
Exterior: Bright White Clearcoat
Body: 4D Sport Utility SUV


We are conveniently located at:
2015 City Ave NRipley, MS 38663
Call Us (662) 200-5006
Stock Number: P1137 
 2015 Jeep Cherokee Limited with Leather for sale - Only 22K miles Clean Carfax Bumper to bumper warranty Automatic transmission Back Up Camera Leather seats Heated seats Power drivers seat XM radio Bluetooth connectivity Power windows Power locks Cruise Remote starter Luggage rack 18 inch alloy wheels and much more. This SUV offers a sharp looking color combination of Bright White paint with Light Beige leather interior. Equipped with a powerful yet fuel friendly engine that gets an impressive 31 MPG on the highway which means you will save a lot of money at the pump.This Jeep has been checked out by our service department and has passed inspection. No need to worry this Cherokee has remaining factory bumper to bumper warranty until 36000 miles! Also for a few extra dollars per month you can extend the bumper to bumper protection all the way up to 120000 miles!Butch Davis Chevrolet will help you save money while having the easiest car buying experience of your life! Many of the vehicles we stock are priced at thousand of dollars below what most other dealers charge. Our low no haggle internet prices are clearly marked on each and every vehicle. No pressure tactics here because our sales staff works on salary. At Butch Davis Chevrolet you will never waste time or get stressed out negotiating price or dealing with pushy commissioned sales people!FINANCING FOR FAIR GOOD AND EXCELLENT CREDIT - We have lenders that offer low interest rates. Most of our vehicles can be financed with 0 down for up to 75 months. The combination of low rates and flexible terms allows our customers with a good credit rating to get a low monthly payment often much less than they expect.FINANCING FOR POOR CREDIT - We have lenders that can help you. Bring your most recent paystub and your ID. A down payment of 2000 dollars or more is recommended.Trade ins are welcome.Open 9-7 during the week and 9-6 on Friday and Saturday. Closed Sundays. THANK YOU!
 Similar Years: 2013 13 2014 14 2015 15 2016 16 2017 17 
Similar Trims: Latitude 4dr SUV 2.4L 4cyl 9A 4WD Limited Sport Trailhawk 9A
Other: 2.4 Liters Liter AWD 4x4 FX4 4Matic Quattro 4Motion xDrive CARFAX Heated Leather Seats Fuel Efficient Gas Saver Utility Renegade Laredo LTD 2.5L 2.8L 3.7L 4.0L L V6 Off Road Vehicle Bluetooth Back-Up Backup Camera Aluminum Alloy Wheels _2015_ _Jeep_ _Cherokee_ _Limited_ _2.4L_ _4WD_ _CARFAX_ _Leather_ _Seats_ _Fuel_ _Efficient_ _SUV_ _Bluetooth_ _Backup_ _Camera_ _Aluminum_ _Wheels_ _Sport_ _Utility_ _15_ *2015* *Jeep* *Cherokee* *Limited* *2.4L* *4WD* *CARFAX* *Leather* *Seats* *Fuel* *Efficient* *SUV* *Bluetooth* *Backup* *Camera* *Aluminum* *Wheels* *Sport* *Utility* *15*
"	2015					 gas	 22618			 clean	 automatic	 1C4PJLDB7FW661085
"2018-02-03 11:00am
                "	12	"2017 Nissan Murano SV
For Vehicle Availability Contact Us Now!!
Butch Davis Chevrolet  ""DRIVE A LITTLE-SAVE A LOT!""
Call Us AT: (662) 200-5006 
Stock Number: P1159 
 
Year:*2017*
Make: *Nissan*
Model: *Murano*
Trim: *SV*
VIN: 5N1AZ2MG2HN100799
Stock: P1159
Mileage: 30190 miles
Engine: 3.5L V6
Transmission: CVT with Xtronic
Driveline: 
Exterior: Magnetic Black Metallic
Body: 4D Sport Utility SUV


We are conveniently located at:
2015 City Ave NRipley, MS 38663
Call Us (662) 200-5006
Stock Number: P1159 
 2017 Nissan Murano SV with Navigation for sale - Only 30K miles 1 Owner Clean Carfax Bumper to bumper warranty V6 engine Automatic CVT transmission Navigation Back Up Camera Power seats XM radio Bluetooth connectivity Power windows Power locks Cruise Remote starter Luggage rack 18 inch alloy wheels and much more. This vehicle offers a sharp looking color combination of Magnetic Black Metallic paint with Graphite interior. This Nissan has been checked out by our service department and has passed inspection. No need to worry this Murano has remaining factory bumper to bumper warranty until 36000 miles! Also for a few extra dollars per month you can extend the bumper to bumper protection all the way up to 120000 miles!Named a 2017 IIHS Top Safety Pick!Butch Davis Chevrolet will help you save money while having the easiest car buying experience of your life! Many of the vehicles we stock are priced at thousand of dollars below what most other dealers charge. Our low no haggle internet prices are clearly marked on each and every vehicle. No pressure tactics here because our sales staff works on salary. At Butch Davis Chevrolet you will never waste time or get stressed out negotiating price or dealing with pushy commissioned sales people!FINANCING FOR FAIR GOOD AND EXCELLENT CREDIT - We have lenders that offer low interest rates. Most of our vehicles can be financed with 0 down for up to 75 months. The combination of low rates and flexible terms allows our customers with a good credit rating to get a low monthly payment often much less than they expect.FINANCING FOR POOR CREDIT - We have lenders that can help you. Bring your most recent paystub and your ID. A down payment of 2000 dollars or more is recommended.Trade ins are welcome.Open 9-7 during the week and 9-6 on Friday and Saturday. Closed Sundays. THANK YOU!
 Similar Years: 2015 15 2016 16 2017 17 2018 18 2019 19 
Similar Trims: 
Other: V6 CARFAX One Owner 1 Sport Utility SUV S SL LE SV CVT 3.5L L 4WD AWD 4x4 Vehicle Navigation System Bluetooth Back-Up Backup Camera Aluminum Alloy Wheels _2017_ _Nissan_ _Murano_ _SV_ _V6_ _CARFAX_ _One_ _Owner_ _SUV_ _Navigation_ _Bluetooth_ _Backup_ _Camera_ _Aluminum_ _Wheels_ _Sport_ _Utility_ _17_ *2017* *Nissan* *Murano* *SV* *V6* *CARFAX* *One* *Owner* *SUV* *Navigation* *Bluetooth* *Backup* *Camera* *Aluminum* *Wheels* *Sport* *Utility* *17*
"	2017					 gas	 30190			 clean	 automatic	 5N1AZ2MG2HN100799
"2018-01-20 12:26pm
                "	4	"2013 Nissan Altima 4-Cil,2.5L,128,000 miles all power keyless entry push button start CD with auxiliary outlet good a/c and heat very clean car runs and drives great $8,500 call or text anytime  show contact info
"	2013		 excellent	 4 cylinders	 fwd	 gas	 128000	 black	 full-size	 clean	 automatic	
"2018-01-14  4:14pm
                "		Trip Computer, Transmission w/Driver Selectable Mode and Sequential Shift  Uconnect guardian Emergency S.O.S, Trip Computer, Transmission w/Driver Selectable Mode and Sequential Shift Control w/Steering Wheel Controls, Tracker System, Towing w/Trailer Sway Control, Tires: P295/45ZR20 BSW AS, Tire Specific Low Tire Pressure Warning, Tailgate/Rear Door Lock Included w/Power Door Locks, Systems Monitor, Speed Sensitive Rain Detecting Variable Intermittent    	2012		 excellent	 6 cylinders	 4wd	 gas	 69250	 black	 full-size	 clean	 automatic	
"2018-01-13  9:35am
                "		"Automatic. Loaded with every option leather full panoramic sunroof. New tires. Alloy wheels heated power seats and steering wheel. This car is very well maintained and loaded with Navigation, Rear Camera, 20"" wheels and tires, Bose Stereo. It has 3rd row seating for 7 passengers and power liftgate. Car has been well kept up and serviced regularly with regular oil changes. Audi Side Assist blind spot monitoring. 3rd row of seats. Power Tailgate. 20"" inch wheels. All-Wheel Drive. Oil change always up-to-date full synthetic For any information please give me a call or text    "	2012		 excellent	 8 cylinders	 4wd	 gas	 69250	 black	 full-size	 clean	 automatic	
"2018-02-03 10:49am
                "		"This is a low milege suv in great condition lots of new parts 
call clete at  show contact info
show contact info
"	2007		 good	 4 cylinders	 fwd	 gas	 1217960	 brown	 mid-size	 clean	 automatic	 1j8ft47wo7d249820
"2018-02-03 10:39am
                "	7	85 chevy c10, swb, 350, new tires, chrome wheels, leather bucket seats, coated bed, billet interior. 7,000 obo    	1985		 good	 8 cylinders	 fwd	 gas		 white	 full-size	 clean	 automatic	
"2018-02-03 10:38am
                "	7	"I have a very nice and well kept Mustang GT up for sale/trade. The car is a five speed and only has 126k miles on it. It has been garage kept since new. The car is very strong, and shifts through all the gears like it should. The car is not perfect with a few imperfections, but for being a 21 year old car it is in excellent condition. I purchased the car completely stock from an elderly man almost four years ago. I have put less than 10k miles on it since I've had it and only minor performance upgrades. This is not my daily driver and it is only driven every now and then on the weekends. The car comes with two different exhaust setups, one being a Flowmaster American Thunder (current setup) and the other is a SLP Loudmouth. It also has a X-pipe with no cats and it has been tuned. See pics for other mods that have been done.¬†

I want to sale for $5000 o.b.o or trade for hardtop  mustang,camaro/trans am, or full size truck or suv.¬†
Text¬† show contact info
¬†for info or trades.    "	1997		 excellent	 8 cylinders	 rwd	 gas	 126493	 red		 clean	 manual	
"2018-02-03 10:35am
                "	9	Your looking at a local one owner adult driven like new crew cab Z71. With the following equipment power windows, power door locks, tilt/cruise, leather seats, towing package and more. If you want a new truck without the new truck price this is the one for you contact us @662-456-3756    	2015		 like new	 8 cylinders	 4wd	 gas	 12242	 green	 full-size	 clean	 automatic	 3GCUKREC2FG441734
"2018-02-01  8:10am
                "	2	Like new no smoke car from family 170.000 miles driven locally every day very clean well taken care of call or text only    	2010		 like new	 6 cylinders	 fwd	 gas	 170000	 white	 mid-size	 clean	 automatic	 00000000000
"2018-01-16  8:02am
                "		Very nice truck only needs washing call or text thanks    	2008		 like new	 8 cylinders	 rwd	 gas	 131000	 white	 full-size	 clean	 automatic	 00000000000
"2018-02-01  8:24am
                "	2	Excellent truck 119.000 miles like brand new call or text    	2012		 like new	 8 cylinders	 4wd	 gas	 118000	 black	 full-size	 clean	 automatic	 00000000000
"2018-02-03 10:25am
                "	6	"Your looking at a beautiful local one owner lady driven clean suburban. That includes the following equipment power windows, power locks, tilt/cruise, leather seats (heated and cooled), bucket seats second row, sunroof, dvd, navigation radio, 20"" wheels and more a must see @ 662-456-3756    "	2015		 excellent	 8 cylinders	 rwd	 gas	 92242	 silver	 full-size	 clean	 automatic	 1GNSCKKC1FR162671
"2018-02-03 10:13am
                "	10	This is a locally owned nice 2017 Ram 2500 3/4 ton diesel 4wd crew cab short wheel base. That includes the following equipment power windows, power door locks, tilt cruise and more. Get that almost new truck without the new price give us a call @ 662-456-3756.    	2017		 excellent	 6 cylinders	 4wd	 diesel	 22000	 black	 full-size	 clean	 automatic	 3C6UR5CL6HG539182
"2018-02-03 10:06am
                "	4	V8. Good truck. Go anywhere.314000 miles but going strong.serious buyers only !!!    	2000					 gas				 clean	 automatic	
"2018-01-14  4:37pm
                "	3	177k Miles, leather, good car. Call Greg 662-539-15ten    	2006					 gas	 177000			 clean	 automatic	
"2018-01-28  2:31pm
                "	9	"2004 325i Black on Black on Black ! Great Starter Car  ! Cold A/C with 160,000 miles Auto/V6 Leather sport wheels . Contact Anthony  cell  show contact info
 ! Work #  show contact info
 3,500    "	2004		 good	 6 cylinders	 rwd	 gas	 160000	 black	 mid-size	 clean	 automatic	
"2018-01-23  9:34pm
                "	8	"99 Silverado Extended Cab 2wd
Super Nice!
Has the big 5.3 v-8
Only 134,000 miles-not even broke in
Bought from original owner
No check engine lights and zero leaks
Shifts super smooth
No rips or tears and never smoked in
Daily driver
New tires
Recent oil change
Cruise-manual locks and windows
3rd Door
Towing package (balls do not go)
Only selling because bought a new one
No hurry to sell-keeping miles off new and one
7150 Firm!    "	1999					 gas				 clean	 automatic	
"2018-02-03  9:51am
                "	14	"For sale a 2009 Chevrolet Suburban LT, 5.3 V8, automatic, power windows, door locks, seats, pedals, heated leather seats, am/fm/cd/satellite, Onstar, keyless start, bluetooth, cold ac and hot heat. runs and drives like new, no check engine lights no issues. Clean Carfax suv. Call  show contact info
.    "	2009		 excellent	 8 cylinders	 rwd	 gas	 161428	 black	 full-size	 clean	 automatic	 1GNFC26059R298355
"2018-02-03 10:00am
                "	8	This is a nice 1999 Chevrolet Silverado ext cab Z71 with the following options power windows, power locks, tilt cruise, cd, leather seats, towing package and more. This truck was locally owned by an elder man and is in really good shape must see. Contact us @662-456-3756    	1999		 good	 8 cylinders	 4wd	 gas	 181562	 black	 full-size	 clean	 automatic	 1GCEK19T7XE174356
"2018-02-03  9:44am
                "	14	#2008 nissan maxima se,drive great,auto,4doors,cold ac/heat,alloy wheels,good tires,black leather clean in/out,call 901/921/64 zero9    	2008					 gas	 75			 clean	 automatic	
"2018-02-03  9:50am
                "	13	*2014 chevrolet cruze  only 35k, auto,good ac heat,run and drive great,  nice clean in and outside,cold ac and heat, good tires,serious  inquiries 901.83 one 4163    	2014		 like new	 4 cylinders		 gas	 35			 clean	 automatic	
"2018-01-14  1:15pm
                "	18	"2006 Nissan Altima SE - 4 Door; Fully Loaded; Extra Clean!
128,966 Highway Miles; Lightly Driven; Garage Kept!
Runs and Drives Great!

3.5L 6 Cylinder Gas Saver Engine with Power! - Serviced Regularly; Automatic Transmission!
Excellent on Gas; 28 MPG Highway
Leather Interior; Power Moonroof!
Power HEATED Seats; Power Windows/Power Locks/Power Mirrors
Premium Sound CD Changer AM/FM; Cruise Control; Climate Control; Heat and COLD Air
No Check Engine Light or Other Warning Indicators
Spacious Cargo Area with Deluxe Organizer
Just Detailed
Priced to Sell
Clean Title

Call  show contact info
"	2006					 gas				 clean	 automatic	
"2018-01-17 11:50am
                "	14	Selling my BMW 335i hard top convertible with only 47,xxx original miles and zero issues. It is a two owner vehicle with a clean carfax and always serviced at BMW dealership. It is fully loaded and has every option available including soft close doors, comfort access, navigation, iDrive, adaptive headlights, HID lamps, paddle shifters, steering wheel controls, black leather, power seats, sport package, and premium package. I have documented paperwork on every single service done on the car since it was brand new. It has extensive paperwork and services done and has had over $6000 spent in maintenance and services in the past year or so. I am 68 years old and rarely drive her much except to Sunday church and warm summer Saturdays. The paint looks like new as does the interior and it is a very fast sports car. It is completely stock and has new tires on all four corners. I have title in hand and will not negotiate over the phone. This is the lowest mile 335i I've seen out there and for the money you can't beat it. The original price of this 335i was over $60,000 new so this is merely a fraction of the price for a practically brand new car.    	2008		 like new	 6 cylinders	 rwd	 gas	 47000	 red		 clean	 automatic	
"2018-02-03  9:50am
                "	18	*2008 nissan ALTIMA 2.5 SL only 62k, good condition, sunroof pwl , keyless ,push button start ,radio with boss systerm , good tires with alloy wheel ,nice leather seat run and drive greats ,gassaver ,well mantaince serious call 901/ 335/ 755zero    	2008		 like new	 6 cylinders		 gas	 62			 clean	 automatic	
"2018-01-26  3:01pm
                "	11	"For sale a 2013 Volkswagen Beetle Hatchback Turbo,  2.0 Turbo, 6 speed automatic, power windows, door locks, cruise control. tilt wheel, keyless entry, am/fm/cd/satellite, bluetooth, Fender Stereo, heated leather seats, power sunroof, runs and drives like new. Super clean inside and out. Clean Carfax one owner beetle. Call  show contact info
.    "	2013		 excellent	 4 cylinders	 fwd	 gas	 129699	 blue	 mid-size	 clean	 automatic	 3VWV67AT2DM616420
"2018-01-26  2:30pm
                "	15	"For sale a 2013 Dodge Grand Caravan SXT, 3.6 V6, 6 speed automatic, front and rear ac and heat, power windows, door locks, tilt wheel, cruise control, am/fm/cd, keyless entry, 2 power sliding doors, power liftgate, quad seating, runs and drives like new, no check engine lights no issues. Clean Carfax one owner van. Call  show contact info
.    "	2013		 excellent	 6 cylinders	 fwd	 gas	 135271	 white	 mid-size	 clean	 automatic	 2C4RDGCG8DR755566
"2018-01-22 10:56am
                "	13	"For sale a 2006 Ford F250 SD crew cab, 6.0 turbo diesel, automatic, 4WD, cruise control, tilt wheel, am/fm/cd/MP3, cold ac and hot heat, good tires, runs and drives great, no check engine lights no issues, EGR deleted, brake control, gooseneck hitch. Clean Carfax truck. Call  show contact info
.    "	2006		 good	 8 cylinders	 4wd	 diesel	 238399	 white	 full-size	 clean	 automatic	 1FTSW21P76EC56467
"2018-01-18 11:12am
                "	12	"For sale a 2012 Chevrolet Impala LS, 3.6 liter V6, automatic, power windows, door locks, tilt wheel, am/fm/MP3, new tires, runs and drives great. Clean Carfax car. Call  show contact info
.    "	2012		 excellent	 6 cylinders	 fwd	 gas	 97705	 brown	 mid-size	 clean	 automatic	 2G1WF5E32C1193763
"2018-02-03  9:43am
                "	17	"56747 miles,super clean,road ready,keyless entry keyless start,garage kept,BMW serviced,new tires 2 sets with wheels. $19500  show contact info
"	2009		 excellent	 8 cylinders		 gas	 56747			 clean	 automatic	
"2018-01-20 11:01am
                "	13	"For sale a 2003 Ford F150 XLT 4 door. 4.6 V8, automatic, power windows, door locks, tilt wheel, cruise control, cold ac and hot heat, am/fm/cd, fair tires, runs and drives great, no check engine lights no issues. Clean Carfax truck. Call  show contact info
.    "	2003		 excellent	 8 cylinders	 rwd	 gas	 221000	 grey	 full-size	 clean	 automatic	 1FTRW07663KB72932
